-- phpMyAdmin SQL Dump
-- version 5.2.1
-- https://www.phpmyadmin.net/
--
-- Hôte : 127.0.0.1
-- Généré le : mar. 21 jan. 2025 à 22:38
-- Version du serveur : 10.4.32-MariaDB
-- Version de PHP : 8.2.12

SET SQL_MODE = "NO_AUTO_VALUE_ON_ZERO";
START TRANSACTION;
SET time_zone = "+00:00";


/*!40101 SET @OLD_CHARACTER_SET_CLIENT=@@CHARACTER_SET_CLIENT */;
/*!40101 SET @OLD_CHARACTER_SET_RESULTS=@@CHARACTER_SET_RESULTS */;
/*!40101 SET @OLD_COLLATION_CONNECTION=@@COLLATION_CONNECTION */;
/*!40101 SET NAMES utf8mb4 */;

--
-- Base de données : `tifosi`
--

-- --------------------------------------------------------

--
-- Structure de la table `achete`
--

CREATE TABLE `achete` (
  `id_client` int(11) NOT NULL,
  `id_focaccia` int(11) NOT NULL,
  `jour` date NOT NULL DEFAULT current_timestamp()
) ENGINE=InnoDB DEFAULT CHARSET=utf8mb4 COLLATE=utf8mb4_general_ci;

--
-- Déclencheurs `achete`
--
DELIMITER $$
CREATE TRIGGER `before_insert_achete` BEFORE INSERT ON `achete` FOR EACH ROW BEGIN
    -- Vérifie que le client existe
    IF NOT EXISTS (
        SELECT 1 FROM client WHERE id_client = NEW.id_client
    ) THEN
        SIGNAL SQLSTATE '45000'
        SET MESSAGE_TEXT = 'Erreur : Le client spécifié n''existe pas.';
    END IF;

    -- Vérifie que la focaccia existe
    IF NOT EXISTS (
        SELECT 1 FROM focaccia WHERE id_focaccia = NEW.id_focaccia
    ) THEN
        SIGNAL SQLSTATE '45000'
        SET MESSAGE_TEXT = 'Erreur : La focaccia spécifiée n''existe pas.';
    END IF;
END
$$
DELIMITER ;

-- --------------------------------------------------------

--
-- Structure de la table `appartient`
--

CREATE TABLE `appartient` (
  `id_boisson` int(11) NOT NULL,
  `id_marque` int(11) NOT NULL
) ENGINE=InnoDB DEFAULT CHARSET=utf8mb4 COLLATE=utf8mb4_general_ci;

--
-- Déchargement des données de la table `appartient`
--

INSERT INTO `appartient` (`id_boisson`, `id_marque`) VALUES
(1, 1),
(2, 1),
(3, 1),
(4, 1),
(5, 1),
(6, 4),
(7, 4),
(8, 4),
(9, 4),
(10, 3),
(11, 3),
(12, 2);

-- --------------------------------------------------------

--
-- Structure de la table `boisson`
--

CREATE TABLE `boisson` (
  `id_boisson` int(11) NOT NULL,
  `nom_boisson` varchar(45) NOT NULL,
  `marque` varchar(45) NOT NULL
) ENGINE=InnoDB DEFAULT CHARSET=utf8mb4 COLLATE=utf8mb4_general_ci;

--
-- Déchargement des données de la table `boisson`
--

INSERT INTO `boisson` (`id_boisson`, `nom_boisson`, `marque`) VALUES
(1, 'Coca-cola zéro', 'Coca-cola'),
(2, 'Coca-cola original', 'Coca-cola'),
(3, 'Fanta citron', 'Coca-cola'),
(4, 'Fanta orange', 'Coca-cola'),
(5, 'Capri-sun', 'Coca-cola'),
(6, 'Pepsi', 'Pepsico'),
(7, 'Pepsi Max Zéro', 'Pepsico'),
(8, 'Lipton zéro citron', 'Pepsico'),
(9, 'Lipton Peach', 'Pepsico'),
(10, 'Monster energy ultra gold', 'Monster'),
(11, 'Monster energy ultra blue', 'Monster'),
(12, 'Eau de source ', 'Cristalline');

--
-- Déclencheurs `boisson`
--
DELIMITER $$
CREATE TRIGGER `before_insert_boisson` BEFORE INSERT ON `boisson` FOR EACH ROW BEGIN
    -- Vérifie si la marque existe dans la table `marque`
    IF NOT EXISTS (
        SELECT 1
        FROM marque
        WHERE nom_marque = NEW.marque
    ) THEN
        SIGNAL SQLSTATE '45000'
        SET MESSAGE_TEXT = 'Erreur : La marque spécifiée n''existe pas dans la table marque.';
    END IF;
END
$$
DELIMITER ;
DELIMITER $$
CREATE TRIGGER `before_update_boisson` BEFORE UPDATE ON `boisson` FOR EACH ROW BEGIN
    -- Vérifie si la nouvelle marque existe dans la table `marque`
    IF NOT EXISTS (
        SELECT 1
        FROM marque
        WHERE nom_marque = NEW.marque
    ) THEN
        SIGNAL SQLSTATE '45000'
        SET MESSAGE_TEXT = 'Erreur : La marque spécifiée n''existe pas dans la table marque.';
    END IF;
END
$$
DELIMITER ;

-- --------------------------------------------------------

--
-- Structure de la table `client`
--

CREATE TABLE `client` (
  `id_client` int(11) NOT NULL,
  `nom_client` varchar(45) NOT NULL,
  `age` int(11) DEFAULT NULL,
  `cp_client` int(11) DEFAULT NULL
) ENGINE=InnoDB DEFAULT CHARSET=utf8mb4 COLLATE=utf8mb4_general_ci;

--
-- Déchargement des données de la table `client`
--

INSERT INTO `client` (`id_client`, `nom_client`, `age`, `cp_client`) VALUES
(1, 'john doe', 26, NULL);

-- --------------------------------------------------------

--
-- Structure de la table `comprend`
--

CREATE TABLE `comprend` (
  `id_focaccia` int(11) NOT NULL,
  `id_ingredient` int(11) NOT NULL
) ENGINE=InnoDB DEFAULT CHARSET=utf8mb4 COLLATE=utf8mb4_general_ci;

-- --------------------------------------------------------

--
-- Structure de la table `contient`
--

CREATE TABLE `contient` (
  `id_menu` int(11) NOT NULL,
  `id_boisson` int(11) NOT NULL
) ENGINE=InnoDB DEFAULT CHARSET=utf8mb4 COLLATE=utf8mb4_general_ci;

-- --------------------------------------------------------

--
-- Structure de la table `est_constitue`
--

CREATE TABLE `est_constitue` (
  `id_menu` int(11) NOT NULL,
  `id_focaccia` int(11) NOT NULL
) ENGINE=InnoDB DEFAULT CHARSET=utf8mb4 COLLATE=utf8mb4_general_ci;

-- --------------------------------------------------------

--
-- Structure de la table `focaccia`
--

CREATE TABLE `focaccia` (
  `id_focaccia` int(11) NOT NULL,
  `nom_focaccia` varchar(45) NOT NULL,
  `prix` float NOT NULL,
  `ingredients` varchar(255) NOT NULL
) ENGINE=InnoDB DEFAULT CHARSET=utf8mb4 COLLATE=utf8mb4_general_ci;

--
-- Déchargement des données de la table `focaccia`
--

INSERT INTO `focaccia` (`id_focaccia`, `nom_focaccia`, `prix`, `ingredients`) VALUES
(1, 'Mozaccia', 9.8, 'Base tomate, Mozarella, cresson, jambon fumé, ail, artichaut, champignon, parmesan, poivre, olive noire'),
(2, 'Gorgonzollaccia', 10.8, 'Base tomate, Gorgonzola, cresson, ail, champignon, parmesan, poivre, olive noire'),
(3, 'Raclaccia', 8.9, 'Base tomate, raclette, cresson, ail, champignon, parmesan, poivre'),
(4, 'Emmentalaccia', 9.8, 'Base crème, Emmental, cresson, champignon, parmesan, poivre, oignon'),
(5, 'Tradizione', 8.9, 'Base tomate, Mozarella, cresson, jambon cuit, champignon, parmesan, poivre, olive noire, olive verte'),
(6, 'Hawaienne', 11.2, 'Base tomate, Mozarella, cresson, bacon, ananas, piment, parmesan, poivre, olive noire'),
(7, 'Américaine', 10.8, 'Base tomate, Mozarella, cresson, bacon, pomme de terre, parmesan, poivre, olive noire'),
(8, 'Paysanne', 12.8, 'Base crème, Chèvre, cresson, pomme de terre, jambon fumé, ail, artichaut, champignon, parmesan, poivre, olive noire, œuf');

-- --------------------------------------------------------

--
-- Structure de la table `ingredient`
--

CREATE TABLE `ingredient` (
  `id_ingredient` int(11) NOT NULL,
  `nom_ingredient` varchar(45) NOT NULL
) ENGINE=InnoDB DEFAULT CHARSET=utf8mb4 COLLATE=utf8mb4_general_ci;

--
-- Déchargement des données de la table `ingredient`
--

INSERT INTO `ingredient` (`id_ingredient`, `nom_ingredient`) VALUES
(1, 'Ail'),
(2, 'Ananas'),
(3, 'Artichaut'),
(4, 'Bacon'),
(5, 'Base Tomate'),
(6, 'Base crème'),
(7, 'Champignon'),
(8, 'Chevre'),
(9, 'Cresson'),
(10, 'Emmental'),
(11, 'Gorgonzola'),
(12, 'Jambon cuit'),
(13, 'Jambon fumé'),
(14, 'Oeuf'),
(15, 'Oignon'),
(16, 'Olive noire'),
(17, 'Olive verte'),
(18, 'Parmesan'),
(19, 'Piment'),
(20, 'Poivre'),
(21, 'Pomme de terre'),
(22, 'Raclette'),
(23, 'Salami'),
(24, 'Tomate cerise');

-- --------------------------------------------------------

--
-- Structure de la table `marque`
--

CREATE TABLE `marque` (
  `id_marque` int(11) NOT NULL,
  `nom_marque` varchar(45) NOT NULL
) ENGINE=InnoDB DEFAULT CHARSET=utf8mb4 COLLATE=utf8mb4_general_ci;

--
-- Déchargement des données de la table `marque`
--

INSERT INTO `marque` (`id_marque`, `nom_marque`) VALUES
(1, 'Coca-cola'),
(2, 'Cristalline'),
(3, 'Monster'),
(4, 'Pepsico');

-- --------------------------------------------------------

--
-- Structure de la table `menu`
--

CREATE TABLE `menu` (
  `id_menu` int(11) NOT NULL,
  `nom_menu` varchar(45) NOT NULL,
  `prix_menu` float NOT NULL
) ENGINE=InnoDB DEFAULT CHARSET=utf8mb4 COLLATE=utf8mb4_general_ci;

-- --------------------------------------------------------

--
-- Structure de la table `paye`
--

CREATE TABLE `paye` (
  `id_client` int(11) NOT NULL,
  `id_menu` int(11) NOT NULL,
  `jour` date NOT NULL DEFAULT current_timestamp()
) ENGINE=InnoDB DEFAULT CHARSET=utf8mb4 COLLATE=utf8mb4_general_ci;

--
-- Index pour les tables déchargées
--

--
-- Index pour la table `achete`
--
ALTER TABLE `achete`
  ADD PRIMARY KEY (`id_focaccia`,`id_client`),
  ADD KEY `fk_achete_client` (`id_client`);

--
-- Index pour la table `appartient`
--
ALTER TABLE `appartient`
  ADD PRIMARY KEY (`id_boisson`,`id_marque`),
  ADD KEY `id_marque` (`id_marque`);

--
-- Index pour la table `boisson`
--
ALTER TABLE `boisson`
  ADD PRIMARY KEY (`id_boisson`);

--
-- Index pour la table `client`
--
ALTER TABLE `client`
  ADD PRIMARY KEY (`id_client`);

--
-- Index pour la table `comprend`
--
ALTER TABLE `comprend`
  ADD PRIMARY KEY (`id_focaccia`,`id_ingredient`),
  ADD KEY `id_ingredient` (`id_ingredient`);

--
-- Index pour la table `contient`
--
ALTER TABLE `contient`
  ADD PRIMARY KEY (`id_menu`,`id_boisson`),
  ADD KEY `id_boisson` (`id_boisson`);

--
-- Index pour la table `est_constitue`
--
ALTER TABLE `est_constitue`
  ADD PRIMARY KEY (`id_menu`,`id_focaccia`),
  ADD KEY `id_focaccia` (`id_focaccia`);

--
-- Index pour la table `focaccia`
--
ALTER TABLE `focaccia`
  ADD PRIMARY KEY (`id_focaccia`);

--
-- Index pour la table `ingredient`
--
ALTER TABLE `ingredient`
  ADD PRIMARY KEY (`id_ingredient`);

--
-- Index pour la table `marque`
--
ALTER TABLE `marque`
  ADD PRIMARY KEY (`id_marque`),
  ADD UNIQUE KEY `idx_nom_marque` (`nom_marque`);

--
-- Index pour la table `menu`
--
ALTER TABLE `menu`
  ADD PRIMARY KEY (`id_menu`);

--
-- Index pour la table `paye`
--
ALTER TABLE `paye`
  ADD PRIMARY KEY (`id_client`,`id_menu`,`jour`),
  ADD KEY `id_menu` (`id_menu`);

--
-- AUTO_INCREMENT pour les tables déchargées
--

--
-- AUTO_INCREMENT pour la table `boisson`
--
ALTER TABLE `boisson`
  MODIFY `id_boisson` int(11) NOT NULL AUTO_INCREMENT, AUTO_INCREMENT=13;

--
-- AUTO_INCREMENT pour la table `client`
--
ALTER TABLE `client`
  MODIFY `id_client` int(11) NOT NULL AUTO_INCREMENT, AUTO_INCREMENT=2;

--
-- AUTO_INCREMENT pour la table `focaccia`
--
ALTER TABLE `focaccia`
  MODIFY `id_focaccia` int(11) NOT NULL AUTO_INCREMENT, AUTO_INCREMENT=9;

--
-- AUTO_INCREMENT pour la table `ingredient`
--
ALTER TABLE `ingredient`
  MODIFY `id_ingredient` int(11) NOT NULL AUTO_INCREMENT, AUTO_INCREMENT=25;

--
-- AUTO_INCREMENT pour la table `marque`
--
ALTER TABLE `marque`
  MODIFY `id_marque` int(11) NOT NULL AUTO_INCREMENT, AUTO_INCREMENT=5;

--
-- AUTO_INCREMENT pour la table `menu`
--
ALTER TABLE `menu`
  MODIFY `id_menu` int(11) NOT NULL AUTO_INCREMENT;

--
-- Contraintes pour les tables déchargées
--

--
-- Contraintes pour la table `achete`
--
ALTER TABLE `achete`
  ADD CONSTRAINT `fk_achete_client` FOREIGN KEY (`id_client`) REFERENCES `client` (`id_client`),
  ADD CONSTRAINT `fk_achete_focaccia` FOREIGN KEY (`id_focaccia`) REFERENCES `focaccia` (`id_focaccia`);

--
-- Contraintes pour la table `appartient`
--
ALTER TABLE `appartient`
  ADD CONSTRAINT `appartient_ibfk_1` FOREIGN KEY (`id_boisson`) REFERENCES `boisson` (`id_boisson`) ON UPDATE CASCADE,
  ADD CONSTRAINT `appartient_ibfk_2` FOREIGN KEY (`id_marque`) REFERENCES `marque` (`id_marque`) ON UPDATE CASCADE;

--
-- Contraintes pour la table `comprend`
--
ALTER TABLE `comprend`
  ADD CONSTRAINT `comprend_ibfk_1` FOREIGN KEY (`id_focaccia`) REFERENCES `focaccia` (`id_focaccia`),
  ADD CONSTRAINT `comprend_ibfk_2` FOREIGN KEY (`id_ingredient`) REFERENCES `ingredient` (`id_ingredient`);

--
-- Contraintes pour la table `contient`
--
ALTER TABLE `contient`
  ADD CONSTRAINT `contient_ibfk_1` FOREIGN KEY (`id_menu`) REFERENCES `menu` (`id_menu`),
  ADD CONSTRAINT `contient_ibfk_2` FOREIGN KEY (`id_boisson`) REFERENCES `boisson` (`id_boisson`),
  ADD CONSTRAINT `contient_ibfk_3` FOREIGN KEY (`id_menu`) REFERENCES `menu` (`id_menu`),
  ADD CONSTRAINT `contient_ibfk_4` FOREIGN KEY (`id_boisson`) REFERENCES `boisson` (`id_boisson`);

--
-- Contraintes pour la table `est_constitue`
--
ALTER TABLE `est_constitue`
  ADD CONSTRAINT `est_constitue_ibfk_1` FOREIGN KEY (`id_menu`) REFERENCES `menu` (`id_menu`),
  ADD CONSTRAINT `est_constitue_ibfk_2` FOREIGN KEY (`id_focaccia`) REFERENCES `focaccia` (`id_focaccia`);

--
-- Contraintes pour la table `paye`
--
ALTER TABLE `paye`
  ADD CONSTRAINT `paye_ibfk_1` FOREIGN KEY (`id_client`) REFERENCES `client` (`id_client`),
  ADD CONSTRAINT `paye_ibfk_2` FOREIGN KEY (`id_menu`) REFERENCES `menu` (`id_menu`),
  ADD CONSTRAINT `paye_ibfk_3` FOREIGN KEY (`id_client`) REFERENCES `client` (`id_client`),
  ADD CONSTRAINT `paye_ibfk_4` FOREIGN KEY (`id_menu`) REFERENCES `menu` (`id_menu`);
COMMIT;

/*!40101 SET CHARACTER_SET_CLIENT=@OLD_CHARACTER_SET_CLIENT */;
/*!40101 SET CHARACTER_SET_RESULTS=@OLD_CHARACTER_SET_RESULTS */;
/*!40101 SET COLLATION_CONNECTION=@OLD_COLLATION_CONNECTION */;
